date;time;session_id;file_name;file_size;file_rows;distributions_selected;distributions_count;custom_ensurence_value
2026-01-25;10:39:18;7f1d5977-fb13-4905-adac-0002e44da600;Поперечный 149.xls;229376;283;['Обобщенное (L-мом)'];1;[]
2026-01-26;10:59:14;ab676b45-ccc5-4283-ab40-275817289c45;малый Цивиль - Шигали.xlsx;39716;137;['Обобщенное (L-мом)'];1;[]
2026-01-28;19:51:02;5afacfc8-1c3b-48fc-9de0-ba3de62828bb;шигали.XLSX;8589;46;['Обобщенное (L-мом)', 'Пирсона 3 типа (ММП)', 'Пирсона 3 типа (L-мом)', 'Крицкого-Менкеля (ММП)', 'Обобщенное (ММП)'];5;[]
2026-01-28;16:22:16;bfe43007-06b5-4c04-a6d1-d4fc7c51c3c0;тувси.xlsx;9060;70;['Пирсона 3 типа (ММП)'];1;[]
2026-01-28;19:38:35;d01cbd55-6d7f-4160-8719-160091e5c0e9;тувси.xlsx;8681;34;['Пирсона 3 типа (ММП)', 'Крицкого-Менкеля (ММП)', 'Пирсона 3 типа (L-мом)', 'Гумбеля (ММП)', 'Обобщенное (ММП)', 'Гумбеля (Мом)', 'Гумбеля (L-мом)', 'Обобщенное (L-мом)'];8;[]
2026-01-29;19:31:52;d8bd2f11-c557-4a12-8584-f7568998a21c;Уровни.xlsx;10848;62;[Обобщенное (L-мом)];1;[]
2026-01-30;09:28:15;b2263265-a782-4e40-8b28-21e201252598;Уровни.xlsx;11613;65;[Крицкого-Менкеля (ММП), Пирсона 3 типа (ММП), Гумбеля (ММП), Гумбеля (L-мом)];4;[]
2026-02-02;05:21:21;77fffc51-6925-45a2-a67d-f8d4ac887cd3;123.xlsx;11854;441;[Обобщенное (L-мом), Пирсона 3 типа (L-мом), Пирсона 3 типа (ММП), Обобщенное (ММП), Гумбеля (L-мом), Гумбеля (Мом), Гумбеля (ММП)];7;[]
2026-02-02;06:21:14;17a1c37e-10e6-4fd9-b065-200caddbfb34;сводная ера 5 ланд.xlsx;343590;564;[Обобщенное (L-мом), Обобщенное (ММП)];2;[]
2026-02-03;06:03:45;5a5b1f65-aa6e-4b16-9bad-107c1b3f76ec;Лист Microsoft Excel.xlsx;8735;25;[Крицкого-Менкеля (ММП)];1;[]
2026-02-03;06:34:03;011301c4-11e4-4423-8ecd-b6e2afe7078d;Лист Microsoft Excel.xlsx;8735;25;[Обобщенное (ММП)];1;[]
2026-02-04;07:44:21;0e623296-113e-4811-9cd8-eea679cf06f8;Лист Microsoft Excel.xlsx;6609;0;[];0;[]
2026-02-04;07:50:42;d6ebe4a9-f3cf-4d2f-ba8a-96bb666c04ca;Лист Microsoft Excel.xlsx;8630;25;[Пирсона 3 типа (L-мом)];1;[]
2026-02-04;07:53:33;a2b9b548-ab27-483f-86d7-4848de58f272;Лист Microsoft Excel.xlsx;8633;24;[Пирсона 3 типа (L-мом)];1;[]
2026-02-05;06:09:31;8be33c5a-7f1e-4222-9361-37d08d25d514;р.Кальчик_г.Мариуполь_Вес_справка.xlsx;8663;21;[Пирсона 3 типа (L-мом)];1;[]
2026-02-05;17:21:29;77d0a983-f7ab-44a6-a362-f33ba2e27fcf;УВВ-Калуга.xlsx;11119;94;[Пирсона 3 типа (ММП)];1;[]
2026-02-06;14:00:24;38fc0eee-4dbf-4e23-b788-3122dfa99946;расходы.xlsx;8924;6;[Обобщенное (L-мом), Гумбеля (ММП), Пирсона 3 типа (L-мом), Крицкого-Менкеля (ММП)];4;[1.0]
2026-02-06;16:49:45;abe9b5af-67ae-414a-a4e3-d3300806964c;Расчет Q и H — копия.xlsx;10860;83;[Крицкого-Менкеля (ММП), Пирсона 3 типа (ММП)];2;[]
2026-02-08;01:49:34;2c7ee096-c3a3-4ac9-9fb8-5815c8aaebe3;Уровень в программу.xlsx;9028;67;[Пирсона 3 типа (L-мом)];1;[1.0]
2026-02-09;04:38:52;c5149f49-bf7f-4bb9-8117-f05f0a1e4aa9;Ардон-Тамиск 1926-2002.xlsx;10664;77;[Пирсона 3 типа (ММП), Пирсона 3 типа (L-мом), Обобщенное (ММП), Обобщенное (L-мом)];4;[]
2026-02-09;04:39:44;39ed8631-a071-42da-83b0-b495a0eb04dc;Ардон-Тамиск 1926-2002.xlsx;10649;76;[Обобщенное (L-мом)];1;[]
2026-02-09;06:00:21;8165eb29-1155-4cf9-a18a-8febbf9e125a;Ардон-Тамиск 1926-2002.xlsx;10648;77;[Обобщенное (L-мом), Гумбеля (L-мом), Крицкого-Менкеля (ММП)];3;[0.26, 1.0]
2026-02-09;11:56:43;317949b7-3d48-4d13-8f95-b7c597704f99;Gidroposty_bez_koordinat.xlsx;13785;110;[Обобщенное (L-мом)];1;[]
2026-02-09;17:19:56;647f4bb9-2412-4efd-bfc6-896eb4871059;4 вариант.xlsx;13629;31;[Обобщенное (L-мом)];1;[]
2026-02-11;19:07:09;dfd6ce5b-c522-4861-9653-b2103c6f55e2;р.Юрмыч - пгт Пышма Qмах и h вес полов (1950-2023).xlsx;10722;70;[Крицкого-Менкеля (ММП), Пирсона 3 типа (L-мом), Пирсона 3 типа (ММП)];3;[]
2026-02-11;19:12:29;0ad0b98a-36ee-4ed7-900e-abf66852ab96;р.Юрмыч - пгт Пышма  h вес полов (1950-2015).xlsx;10004;60;[Пирсона 3 типа (ММП), Крицкого-Менкеля (ММП), Пирсона 3 типа (L-мом)];3;[]
2026-02-13;09:04:05;f6df659f-451b-4a81-9de6-095335186f3f;р.Юрмыч - пгт Пышма  h вес полов (1950-2015).xlsx;15502;100;[Обобщенное (L-мом)];1;[]
2026-02-13;15:30:34;33c44df3-82fa-4f8e-9a2b-25877eaf8c96;Qмах_11500.xlsx;24215;17;[];0;[]
2026-02-13;15:32:00;b11fe94c-2e0f-4899-821f-a7509e10bb19;Qмах_11500.xlsx;24215;17;[];0;[]
2026-02-13;15:34:55;ef0be279-e8a1-4d1a-94ea-8183110cb0ad;Лист Microsoft Excel.xlsx;9632;70;[Обобщенное (L-мом)];1;[]
2026-02-13;15:40:05;f99e3f15-2d3a-48b4-82f6-53713b25eb7c;Лист Microsoft Excel.xlsx;9684;70;[Обобщенное (L-мом)];1;[]
2026-02-13;15:42:25;76369ca6-b907-4a02-8891-0de77c9d3779;Лист Microsoft Excel.xlsx;9323;70;[];0;[]
2026-02-13;15:43:47;df2ab0c4-1010-4daa-b519-e0e5e4d1d27f;Лист Microsoft Excel.xlsx;9323;70;[];0;[]
2026-02-13;15:48:04;fe4cb686-9d5c-47be-af4d-2d0a703f4801;2.xlsx;9100;70;[];0;[]
2026-02-13;16:02:22;a4fe0a18-8f4a-4cca-aeb4-9d0acaaa7f8e;Лист Microsoft Excel (2).xlsx;9679;70;[Пирсона 3 типа (ММП), Пирсона 3 типа (L-мом)];2;[0.01]
2026-02-18;10:14:20;9581bf28-c5ad-4fc0-9a6f-fe8a0db1a9ed;Лист Microsoft Excel.xlsx;6570;52;[Обобщенное (L-мом), Пирсона 3 типа (ММП)];2;[]
2026-02-19;11:19:17;c58547f2-ae78-4cfa-bfa4-6deb74d76462;Книга1.xlsx;12195;78;[];0;[]
2026-02-19;11:29:23;ba759abe-7378-4297-be71-f538eae60a37;Книга1 2.xls;40448;78;[];0;[]
2026-02-19;11:38:35;9dda0616-ffe1-4bb6-af88-2d68a8bd2b6e;12.xls;40448;8;[];0;[]
2026-02-19;11:40:02;f4ae1a9a-8036-4fa4-b210-fa8ad05ac5fa;Книга1.xlsx;12171;None;[];0;[]
2026-02-19;11:46:38;7f230ff4-3205-42b0-80b4-c194f1a54a25;15 (1).xlsx;7512;53;[];0;[]
2026-02-19;11:47:34;0bbe1980-9e96-4672-ab88-a803a5df9797;15.xlsx;8979;53;[];0;[]
2026-02-19;12:33:58;fe48e493-b26c-4fe7-a34a-4eac22e1ead5;15.xlsx;8971;78;[Пирсона 3 типа (ММП), Пирсона 3 типа (L-мом)];2;[]
2026-02-24;06:54:45;7c0007c4-555e-4439-9467-591484f4e284;Обработанный.xlsx;10224;75;[Обобщенное (L-мом)];1;[]
2026-02-24;06:59:18;65045609-ce33-4b7b-8b6a-876a155290b2;Обработанный.xlsx;9989;None;[Обобщенное (L-мом)];1;[]
2026-02-24;07:04:09;f23d6a4e-a45e-4a4c-9c2b-674ddefa207e;1.xlsx;8475;62;[Обобщенное (L-мом), Пирсона 3 типа (ММП), Пирсона 3 типа (L-мом)];3;[1.0]
2026-02-25;22:23:19;f77fb6ed-b867-4673-8637-c9cb7a1aac27;Суточные осадки.xlsx;401420;21184;[Обобщенное (L-мом), Пирсона 3 типа (ММП), Гумбеля (Мом)];3;[]
2026-02-26;08:44:25;365f8b66-b81b-4ba6-9e33-e24d03ca46ea;123.xlsx;8829;59;[Пирсона 3 типа (ММП)];1;[]
2026-02-27;13:44:49;8e8af11e-ae0c-4d52-a6bc-49f01fd95557;уровень.xlsx;9216;114;[Пирсона 3 типа (L-мом)];1;[]
2026-02-27;16:14:29;d158862c-9f8c-4904-bc94-0604d7023ce0;Гидрографич характеристики (3).xlsx;21318;33;[Обобщенное (L-мом)];1;[]
2026-02-27;20:53:21;faa11847-c76b-45e4-89c3-ba2a87ac7d6a;11БД_78343_р.Болховец - г.Белгород_Уровни.xlsx;10982;68;[Обобщенное (L-мом), Пирсона 3 типа (ММП), Пирсона 3 типа (L-мом), Обобщенное (ММП)];4;[1.0]
2026-03-02;11:31:24;ed7ee721-3324-4f27-b7c0-a2b02c655019;Os.xlsx;20769;135;[Обобщенное (L-мом), Гумбеля (ММП), Гумбеля (Мом), Гумбеля (L-мом)];4;[]
2026-03-02;12:33:36;c3bba6ed-dcfa-4ba1-8217-ee97915dff82;Os.xlsx;20031;135;[Гумбеля (ММП), Гумбеля (Мом), Гумбеля (L-мом)];3;[]
2026-03-02;13:10:12;cee6071c-3876-4360-9e79-31fe5459951d;Лист Microsoft Excel.xlsx;9446;76;[Крицкого-Менкеля (ММП)];1;[]
2026-03-02;13:14:47;b6085394-cefa-4592-964e-48793a6587fc;Лист Microsoft Excel.xlsx;10267;76;[Пирсона 3 типа (ММП)];1;[]
2026-03-02;17:48:47;03565815-40dc-4ce4-895f-7584087d508a;Чертанка - Желтое 19169.xlsx;11418;74;[];0;[]
2026-03-02;18:41:59;edf66a8d-aeb5-4028-b24f-26db9041cd63;Чертанка - Желтое 19169.xlsx;11490;73;[Пирсона 3 типа (ММП), Пирсона 3 типа (L-мом), Обобщенное (ММП), Крицкого-Менкеля (ММП), Гумбеля (Мом), Гумбеля (L-мом), Гумбеля (ММП), Обобщенное (L-мом)];8;[4.0, 1.0]
2026-03-03;08:13:20;f81926be-b502-4069-97bf-e792446144de;4сут.xlsx;10408;60;[Пирсона 3 типа (ММП)];1;[]
2026-03-03;09:43:26;e0b49911-e572-44a2-8a7d-fd5a8105b4ce;р. Синара-с.Верхнеключевское.xlsx;11251;82;[Крицкого-Менкеля (ММП)];1;[]
2026-03-03;10:11:21;21d005cf-d800-4b81-b986-67ead1513339;р. Синара-с.Верхнеключевское весна.xlsx;10389;48;[Пирсона 3 типа (L-мом)];1;[0.01, 1.0]
2026-03-03;21:19:12;8becf167-82e8-45cc-ab3d-5802c8919a52;Ледовые даты.xlsx;10615;16;[Пирсона 3 типа (ММП)];1;[]
2026-03-04;11:23:57;780a1891-9649-401f-bf9e-abfecf364d74;Ледовые даты.xlsx;10628;8;[Пирсона 3 типа (L-мом)];1;[]
2026-03-04;12:45:33;dba307e1-a7e2-4a59-9d89-00acc5613231;вввввввв.xlsx;10398;None;[];0;[]
2026-03-04;12:49:40;bd4d6e9e-e1a9-4089-be6c-84e1d80cbf56;вввввввв.xlsx;10115;59;[];0;[]
2026-03-05;05:26:16;cc2f18a0-dfb5-40c7-b45f-2edeca98b724;Лист Microsoft Excel.xlsx;9913;68;[Обобщенное (L-мом), Гумбеля (ММП)];2;[1.0]
2026-03-05;06:50:47;e270c649-824b-48f7-8e98-2feef306faf1;вввввввв.xlsx;10115;59;[Обобщенное (L-мом)];1;[]
2026-03-05;07:19:26;1c1d944f-efca-4dd9-a7b7-8dda78c0922f;вввввввв.xlsx;10115;65;[Гумбеля (ММП), Обобщенное (L-мом), Обобщенное (ММП)];3;[1.0]
2026-03-05;08:29:04;8080985f-e77a-499b-a2fc-ab978881dd13;Книга2.xlsx;11324;72;[Обобщенное (L-мом)];1;[1.0]
2026-03-05;08:30:49;19191988-0def-49d6-ae69-a6c3730a3c89;Книга2.xlsx;11457;71;[Обобщенное (L-мом), Крицкого-Менкеля (ММП), Гумбеля (ММП)];3;[1.0]
2026-03-05;09:01:33;10cccf6f-10e7-4bb7-ab08-79fd47491cce;Tersa_-_Elan_78218_Qmax.xlsx;11643;79;[Обобщенное (L-мом), Крицкого-Менкеля (ММП), Гумбеля (ММП)];3;[1.0]
2026-03-05;12:10:30;152af3a7-6d45-435b-9a59-a3f92d05dec6;Миауше.xlsx;11378;93;[Гумбеля (ММП), Гумбеля (Мом), Гумбеля (L-мом), Обобщенное (L-мом)];4;[]
2026-03-05;13:30:12;37d878ac-9362-4f44-b76e-d6de932106e0;максимальное суточное количество осадков.xlsx;10925;65;[Гумбеля (ММП), Обобщенное (ММП)];2;[]
2026-03-06;10:40:36;4521695f-e843-48c7-8fe5-951c8fbd7f89;Цея - Бурон расходы.xlsx;10180;None;[Обобщенное (L-мом)];1;[]
2026-03-06;12:25:51;80cbb385-2ae3-474e-a68a-6863c7f718a0;Mal_Uzen_-_Maly-Uzen.xlsx;11636;84;[Обобщенное (L-мом), Крицкого-Менкеля (ММП), Гумбеля (ММП)];3;[1.0]
2026-03-06;12:46:31;5c87269e-f3ce-44db-af88-9303a20bbee7;Слой стока.xlsx;11005;36;[Обобщенное (L-мом), Гумбеля (ММП), Крицкого-Менкеля (ММП)];3;[1.0]
2026-03-11;08:28:22;1e66d33e-091a-4980-a1a3-5d25b42c4eca;Расходы.xlsx;10292;35;[Обобщенное (L-мом)];1;[]
2026-03-11;08:43:35;cd04598b-e560-4670-95bf-fd9b391dc0b9;Расходы.xlsx;10132;36;[Крицкого-Менкеля (ММП)];1;[]
2026-03-11;09:52:36;06a3fc6e-a412-45c7-8f1a-28e69e115f2d;Осадки для расчётов .xlsx;9950;54;[Обобщенное (L-мом), Пирсона 3 типа (ММП), Гумбеля (Мом)];3;[1.0]
2026-03-12;06:43:30;5b59ad1e-ee8b-4c2e-b143-143cd320f666;Расходы.xlsx;12232;67;[Обобщенное (ММП)];1;[]
2026-03-12;13:37:17;989a0f3b-2625-40b0-ae0c-2c0d6fb4c68c;78343_р.Болховец - г.Белгород_Уровни.xlsx;18290;78;[Обобщенное (L-мом)];1;[]
2026-03-12;13:37:49;2701fa6d-fe58-444d-9f73-23182c53c5ed;11БД_78343_р.Болховец - г.Белгород_Уровни.xlsx;11000;68;[Обобщенное (L-мом)];1;[]
2026-03-13;11:03:09;5d5019b0-a084-419c-9989-cfb6971c8290;Расход.xlsx;9308;85;[Пирсона 3 типа (ММП)];1;[]
2026-03-13;11:34:56;8be57ea0-bab7-4bdf-bbd6-32c77f681523;Слой стока.xlsx;11046;36;[Обобщенное (L-мом), Крицкого-Менкеля (ММП), Гумбеля (ММП)];3;[1.0]
2026-03-14;13:20:47;3223b06f-72fc-4735-81ab-66c5b5bd036f;Высшие уровни р.Уфа-г.Михайловск.xlsx;10614;88;[Пирсона 3 типа (L-мом)];1;[1.0]
2026-03-15;09:44:39;f20eea6f-7504-4e0f-9b14-04dbb689ef1a;Qmax половодья Уфа-Михайловск.xlsx;9795;48;[Пирсона 3 типа (ММП)];1;[1.0]
2026-03-18;07:20:57;e4e28b08-7860-455c-b6b9-141fe3f76244;1.xlsx;9337;63;[Обобщенное (L-мом), Пирсона 3 типа (L-мом), Гумбеля (Мом), Пирсона 3 типа (ММП), Гумбеля (ММП), Гумбеля (L-мом), Обобщенное (ММП), Крицкого-Менкеля (ММП)];8;[]
2026-03-19;12:00:59;d378f1e5-d2ac-44e6-a53c-651ac5ca7ffd;Книга1.xlsx;9175;65;[];0;[]
2026-03-19;23:20:53;c1a69fd5-1696-454e-9c64-414283bf41dd;Шкотово.xlsx;9235;88;[];0;[]
2026-03-19;23:24:47;9618b106-cc27-47f4-9511-cd8d99a13759;Шкотово.xlsx;9582;89;[Крицкого-Менкеля (ММП)];1;[]
2026-03-20;00:25:39;43169030-0097-442d-aa78-2e7335ef84ce;Суходол.xlsx;8865;64;[];0;[]
2026-03-20;01:20:02;e47c008a-4a3e-4cf6-8839-fdf8950ba78c;Суходол.xlsx;9186;65;[Обобщенное (L-мом), Гумбеля (ММП), Пирсона 3 типа (ММП), Крицкого-Менкеля (ММП), Гумбеля (Мом), Гумбеля (L-мом), Пирсона 3 типа (L-мом)];7;[]
2026-03-20;00:38:12;403217bc-62d1-4bb9-aa01-bcc47cfbf262;Шкотовка.xlsx;9369;88;[Обобщенное (L-мом), Гумбеля (ММП), Пирсона 3 типа (ММП), Крицкого-Менкеля (ММП), Гумбеля (Мом), Гумбеля (L-мом), Пирсона 3 типа (L-мом)];7;[]
2026-03-20;02:24:58;a1255153-2b0e-417b-80c2-f9edde983627;Амба.xlsx;9370;88;[Обобщенное (ММП), Гумбеля (ММП), Пирсона 3 типа (ММП), Крицкого-Менкеля (ММП), Гумбеля (Мом), Гумбеля (L-мом), Пирсона 3 типа (L-мом)];7;[]
2026-03-20;02:33:21;8f210920-032f-44c6-a861-c17dd611272e;Шкотовка.xlsx;9417;88;[Обобщенное (L-мом), Гумбеля (ММП), Пирсона 3 типа (ММП), Обобщенное (ММП), Крицкого-Менкеля (ММП), Гумбеля (Мом), Гумбеля (L-мом), Пирсона 3 типа (L-мом)];8;[]
2026-03-20;02:44:27;00eb5e5a-39eb-42d6-b748-b4a8bd23fc8b;Амба.xlsx;9334;64;[Обобщенное (L-мом)];1;[]
2026-03-20;02:52:45;17a3e3a0-3652-4179-a02b-c3ce5b50c443;Амба.xlsx;9334;64;[Обобщенное (L-мом)];1;[]
2026-03-20;03:10:48;f3dbdbe0-5d52-4db4-8769-8c29baa55f57;Амба.xlsx;9334;64;[Обобщенное (L-мом)];1;[]
2026-03-21;00:33:31;5a75d182-c445-4cb2-b57e-bbdb64797d51;Амба.xlsx;9334;64;[Обобщенное (L-мом), Гумбеля (ММП), Пирсона 3 типа (ММП), Крицкого-Менкеля (ММП), Гумбеля (Мом), Гумбеля (L-мом), Пирсона 3 типа (L-мом)];7;[25.0]
2026-03-21;12:03:40;116cd9c5-e299-45fd-bb3f-8a74ecde7dd2;GEV-распределение.xlsx;240814;None;[Обобщенное (L-мом)];1;[]
2026-03-23;10:41:35;847bda8a-03be-451f-a428-afc066760f67;Решетка - Новоалексеевское макс расход и слой.xlsx;10890;76;[Крицкого-Менкеля (ММП)];1;[]
2026-03-24;12:30:21;8a525c45-6c54-4272-be63-f97a6a022dc5;Книга1.xlsx;10572;28;[Пирсона 3 типа (ММП), Крицкого-Менкеля (ММП)];2;[]
2026-03-24;13:07:41;62499f32-d591-4134-b467-00112eb537ec;Книга2.xlsx;9416;28;[Крицкого-Менкеля (ММП)];1;[]
2026-03-24;14:44:41;bb231cc5-9d83-4325-a65a-515894f7d597;Книга1.xlsx;9993;37;[Пирсона 3 типа (L-мом)];1;[]
2026-03-27;14:05:20;e3eeef5e-bd86-46ba-a6d8-4a0d5ca12580;Ряд данных.xlsx;9349;49;[Пирсона 3 типа (L-мом)];1;[1.0]
2026-03-30;01:32:31;3fb59391-0753-4fc1-8247-4254e836275a;Осадки.xlsx;10071;134;[];0;[]
2026-03-30;01:33:24;ec04d1bf-7576-42e2-93bc-9fff1235b8ab;Осадки.xlsx;10447;135;[Обобщенное (L-мом), Гумбеля (ММП), Пирсона 3 типа (ММП), Обобщенное (ММП), Крицкого-Менкеля (ММП), Гумбеля (Мом), Гумбеля (L-мом), Пирсона 3 типа (L-мом)];8;[]
2026-03-30;13:21:32;152d2c4e-cb92-480e-882d-bccfba6a51ed;БД_Н мах_05004.xlsx;10688;39;[Обобщенное (L-мом), Обобщенное (ММП), Гумбеля (ММП), Крицкого-Менкеля (ММП), Пирсона 3 типа (L-мом), Пирсона 3 типа (ММП), Гумбеля (Мом), Гумбеля (L-мом)];8;[]
2026-03-30;14:53:35;eaca1f61-74e9-49ef-8b10-d509dec93207;Рдя Омь-Омск.xlsx;9485;49;[Пирсона 3 типа (L-мом)];1;[1.0]
2026-03-31;04:15:37;a59c18ce-ac7b-4c59-91cb-e80f6877ebe2;Макс.xlsx;9349;38;[Обобщенное (L-мом), Гумбеля (ММП), Пирсона 3 типа (ММП), Обобщенное (ММП), Крицкого-Менкеля (ММП), Гумбеля (Мом), Гумбеля (L-мом), Пирсона 3 типа (L-мом)];8;[]
2026-03-31;04:16:48;70da9031-ff29-402d-b546-e547813409c1;Макс.xlsx;9044;38;[Обобщенное (L-мом)];1;[]
2026-03-31;04:20:58;4e4cef76-752b-4f18-afaf-7120ad39f800;Макс.xlsx;9044;38;[Крицкого-Менкеля (ММП), Гумбеля (Мом), Гумбеля (L-мом)];3;[]
2026-04-01;22:53:18;b3fcb267-26c8-4eb3-b205-74cfaff4d8ba;Лист Microsoft Excel (2).xlsx;10896;38;[Обобщенное (L-мом), Гумбеля (ММП), Пирсона 3 типа (ММП), Обобщенное (ММП), Крицкого-Менкеля (ММП), Гумбеля (Мом), Гумбеля (L-мом), Пирсона 3 типа (L-мом)];8;[]
2026-04-01;23:14:59;710867c6-ed53-497f-a065-0426375b7b80;Летняя межень.xlsx;11764;38;[Обобщенное (L-мом)];1;[]
2026-04-01;23:31:16;8f6bbf38-79f9-4e47-a90f-0b9fea10a1ec;Толщина льда.xlsx;9012;37;[Обобщенное (L-мом), Гумбеля (ММП), Пирсона 3 типа (ММП), Обобщенное (ММП), Гумбеля (Мом), Гумбеля (L-мом), Пирсона 3 типа (L-мом)];7;[]
2026-04-02;00:05:38;cda9b82c-de16-4e9f-9bfa-5fc27514680f;Максимальные.xlsx;9011;38;[Пирсона 3 типа (L-мом)];1;[]
2026-04-02;00:51:41;40e7f7ad-dd21-4519-839f-2f6cd24d5f03;Летние расходы.xlsx;8697;37;[];0;[]
2026-04-02;00:56:04;0b85bab4-3727-44d5-a78e-a0b26233240e;Летние расходы.xlsx;9018;38;[Пирсона 3 типа (ММП)];1;[]
2026-04-02;01:05:13;f2f8b852-661a-4780-b9e5-3bd8071733cf;Толщина льда.xlsx;9012;37;[Обобщенное (L-мом), Гумбеля (ММП), Пирсона 3 типа (ММП), Обобщенное (ММП), Гумбеля (Мом), Гумбеля (L-мом), Пирсона 3 типа (L-мом)];7;[]
2026-04-02;01:45:20;449170b7-a562-4a64-abcd-e5b0f1d8f749;Зимние расходы.xlsx;8723;38;[Пирсона 3 типа (L-мом)];1;[]
2026-04-02;02:31:00;defee202-4d17-4055-8f21-6d0011ad4df4;Максимальные уровни.xlsx;9184;38;[Обобщенное (L-мом), Гумбеля (ММП), Пирсона 3 типа (ММП), Обобщенное (ММП), Гумбеля (Мом), Гумбеля (L-мом), Пирсона 3 типа (L-мом)];7;[]
2026-04-02;03:11:09;e59411cf-b6a8-4269-96d6-6cff29320ffb;Осадки.xlsx;9741;135;[Обобщенное (L-мом), Гумбеля (ММП), Пирсона 3 типа (ММП), Обобщенное (ММП), Крицкого-Менкеля (ММП), Гумбеля (Мом), Гумбеля (L-мом), Пирсона 3 типа (L-мом)];8;[]
2026-04-02;23:22:10;59b66f85-1e2f-4ace-89aa-69b076c2ddad;Летние расходы.xlsx;9018;38;[Обобщенное (L-мом)];1;[]
2026-04-03;08:54:57;2dceb331-eef0-4127-b4d3-5fe21e9a43b8;расход средний Оша.xlsx;11902;64;[Пирсона 3 типа (L-мом)];1;[1.0]
2026-04-06;00:32:39;bb0dd56a-8408-4816-bdeb-06decc643199;мин уровни.xlsx;11056;247;[Пирсона 3 типа (L-мом)];1;[]
2026-04-06;05:27:24;ee38efc5-1a10-4f78-8127-5b300e359d05;мин уровни.xlsx;10795;248;[];0;[]
2026-04-06;05:27:51;c75f6e24-92cd-44c4-9860-418f1957bca6;мин уровни.xlsx;10803;248;[];0;[]
2026-04-06;05:37:48;dbdb8b87-9fbd-4134-8ede-3a07dab9ea9e;мин уровни.xlsx;10646;122;[];0;[]
2026-04-06;05:44:38;9efa8d4d-90af-4bf6-9ca0-be21364cf629;зим уровни.xlsx;9338;122;[];0;[]
2026-04-06;07:31:32;42929c07-850b-4b9d-a6c3-58539b64d494;зим уровни.xlsx;9338;122;[];0;[]
2026-04-06;10:24:51;e34737b4-0ab9-4f0a-b13f-5dad8a589d9b;мин уровни.xlsx;10646;121;[Обобщенное (L-мом)];1;[]
2026-04-06;07:47:13;4dd94e72-4c58-4d23-a84d-262b975e2718;Обь - Александровское 10024.xlsx;11716;91;[Пирсона 3 типа (ММП)];1;[1.0]
2026-04-06;08:28:56;e9e39019-a4a0-4662-9d28-cba74403dc19;Обь - Александровское 10024.xlsx;12135;91;[Пирсона 3 типа (ММП)];1;[1.0]
2026-04-07;14:01:28;a39dd2a6-c08c-43a3-8abe-9a503237de3e;межень лето.xlsx;9261;121;[Пирсона 3 типа (ММП)];1;[]
2026-04-08;19:58:21;8efd5fe3-a435-4ebb-9954-10eaf8a62ed1;обеспеченность.xlsx;30585;138;[Обобщенное (L-мом)];1;[]
2026-04-08;20:33:58;f3811cc3-af7c-428c-8658-d7ec092270d3;обеспеченность макс расходы.xlsx;22571;130;[Обобщенное (L-мом)];1;[]
2026-04-14;01:36:26;4103babb-5b12-45d8-a347-25b633081b70;Толщина льда.xlsx;9012;37;[Гумбеля (ММП)];1;[]
2026-04-14;02:41:51;c0f8fcdc-babf-4304-8604-dca3c87702b7;Лист Microsoft Excel.xlsx;9050;38;[Крицкого-Менкеля (ММП)];1;[]
2026-04-14;14:06:23;8b503960-bae3-48a0-97ad-4d7358cb6ff0;Солох-Аул.xls;36352;91;[Обобщенное (L-мом), Пирсона 3 типа (L-мом)];2;[]
2026-04-15;03:40:50;88390caa-bcf5-4b75-95fb-eb3f78a06ec3;лед.xlsx;8673;37;[Гумбеля (ММП)];1;[]
2026-04-15;04:35:57;b326c519-dfca-49c4-89b1-d3e550bd5d45;Уровни.xlsx;8729;37;[];0;[]
2026-04-15;07:30:22;38ac2f89-9bb2-4b4a-bc69-d4125d857305;Уровни.xlsx;9070;38;[Обобщенное (L-мом)];1;[]
2026-04-15;06:08:25;696f439b-1c6b-4afe-b8cc-55a980c9aaf0;Солох-Аул.xls;392704;91;[Обобщенное (L-мом), Пирсона 3 типа (ММП), Обобщенное (ММП), Гумбеля (L-мом)];4;[]
2026-04-15;06:25:15;0749a955-f1ba-4029-bb1f-415f79e371f0;Уровни.xlsx;9070;38;[Обобщенное (L-мом)];1;[]
2026-04-15;07:46:17;25719e88-7bc7-4559-9d5c-edae71f5a152;Солох-Аул.xls;392704;91;[Обобщенное (L-мом), Пирсона 3 типа (ММП), Пирсона 3 типа (L-мом), Обобщенное (ММП)];4;[]
2026-04-15;09:07:19;b36d7a5a-4dea-4d24-864d-f92ccf8667a7;Зея ледоход.xlsx;9016;34;[Гумбеля (ММП), Обобщенное (ММП), Крицкого-Менкеля (ММП), Гумбеля (Мом)];4;[]
2026-04-15;09:19:59;8ff3a8de-967b-40d2-b190-6e51abcde880;Уровни белогорье.xlsx;9172;38;[Гумбеля (Мом)];1;[]
2026-04-15;20:59:31;1a6f9f99-bb6e-42f1-94ad-2ab0bab3260d;слой стока продолжение обеспеченность .xlsx;16077;78;[Обобщенное (L-мом)];1;[]
2026-04-15;21:09:40;28587bff-9fa4-4228-a24c-f10daf9dff13;слой стока продолжение обеспеченность .xlsx;18478;40;[Обобщенное (L-мом)];1;[]
2026-04-15;23:54:13;1909ac3a-1862-4ced-a40d-5bff0679bf53;Ледоход Благоещенск зея.xlsx;8681;34;[Обобщенное (L-мом), Гумбеля (ММП), Пирсона 3 типа (ММП), Обобщенное (ММП), Крицкого-Менкеля (ММП), Гумбеля (Мом), Гумбеля (L-мом), Пирсона 3 типа (L-мом)];8;[]
2026-04-16;04:18:23;869134ce-03b7-4ab7-adbd-78c2f9a1b8aa;Половодье.xlsx;9715;57;[Пирсона 3 типа (ММП)];1;[1.0]
2026-04-16;04:23:58;8fb5588f-aa5f-4bee-8626-a64321023225;Половодье.xlsx;9715;113;[Пирсона 3 типа (ММП)];1;[1.0]
2026-04-16;04:37:01;0876ab60-a1c5-43ae-bca0-ac778e73d307;Половодье.xlsx;9779;62;[Пирсона 3 типа (L-мом)];1;[1.0]
2026-04-16;13:25:15;bd040d5a-b448-4e5a-82ba-67d5477de50c;обеспеченность слой стока.xlsx;26888;71;[Обобщенное (L-мом)];1;[]
2026-04-16;13:40:28;b5c3681e-07e8-48b3-8d06-d02c101ed87d;ааааа.xlsx;9870;50;[Обобщенное (L-мом)];1;[]
2026-04-16;13:54:24;eebdd7ce-0bf8-4787-ac41-ab984963d050;ааааа.xlsx;10078;56;[Обобщенное (L-мом)];1;[]
2026-04-17;12:34:01;df87b7f3-b75f-4723-ba64-ead02698ddf9;ааааа.xlsx;10240;135;[Крицкого-Менкеля (ММП)];1;[]
2026-04-17;20:19:14;75436fba-8011-4dc3-ada6-a2fad52cc1eb;ааааа.xlsx;20104;138;[Гумбеля (L-мом)];1;[]
2026-04-17;21:57:12;548acacc-61a5-4a65-85ce-1071a692c66b;обеспеченность слой стока.xlsx;25736;32;[Обобщенное (L-мом)];1;[]
2026-04-17;22:47:01;6f9b8893-1e6d-42a9-aaf8-986efc6e73cf;aaa.xlsx;9986;63;[Обобщенное (L-мом)];1;[]
2026-04-18;16:52:33;a815899d-94e7-4459-ba97-524f222574d7;Q-P%.xlsx;16485;135;[];0;[]
2026-04-18;17:01:14;7b283779-f6d5-44f7-b71d-df90134b3cd3;Q-P%.xlsx;16872;135;[Обобщенное (L-мом)];1;[]
2026-04-18;17:22:48;7886abda-e6a6-4beb-a8a4-d99cce111ece;Q-P%.xlsx;15846;26;[Обобщенное (L-мом)];1;[]
2026-04-18;18:12:25;45b7f4df-a8a1-48dd-85c1-e53a7e3ecdbb;aaa.xlsx;10075;61;[Пирсона 3 типа (L-мом)];1;[]
2026-04-20;10:24:48;16963a41-6bf9-4da9-8c3b-c61ad0c2e6d4;Обработанный.xlsx;136374;62;[Гумбеля (ММП)];1;[1.0]
2026-04-22;12:28:56;18784c72-2621-42de-a46a-04f96b95ad54;Максимальные расходы и уровни.xlsx;10194;45;[Крицкого-Менкеля (ММП), Пирсона 3 типа (L-мом)];2;[]
2026-04-22;12:29:37;5744de6b-342e-463f-8939-afb79442834e;Максимальные расходы и уровни — копия.xlsx;10278;45;[Обобщенное (L-мом)];1;[]
2026-04-22;12:35:03;80bafeba-bdb4-4055-ade3-362c7495dd65;Максимальные расходы и уровни — копия.xlsx;9282;44;[Пирсона 3 типа (ММП)];1;[]
2026-04-22;20:02:43;fcf3cf34-7b09-491a-a3af-70ad576a9869;для ПОС1%.xlsx;11702;36;[Обобщенное (L-мом)];1;[]
2026-04-23;08:32:07;e7c6e300-98bc-41ce-985f-490353fe021f;Казанка мин расход_30 дн_зим.xls;14848;69;[Крицкого-Менкеля (ММП), Пирсона 3 типа (ММП)];2;[]
2026-04-23;11:16:23;0c1091ba-83ef-4630-ae1b-3b98f78598e9;для ПОС1%.xlsx;11722;36;[Обобщенное (L-мом)];1;[]
2026-04-24;05:08:00;66c61ba9-95e5-45f4-b43a-9dce278d362a;Ряд.xlsx;6141;74;[Пирсона 3 типа (L-мом)];1;[1.0]
2026-04-24;05:20:20;e9d65728-513d-41d1-ab31-0c7e54d2c10b;Ряд.xlsx;10243;74;[Пирсона 3 типа (L-мом)];1;[]
2026-04-24;13:02:13;75f9b1ec-2a04-4ff4-8331-55ea728f9af1;Ряд расходы.xlsx;19556;70;[Обобщенное (L-мом), Крицкого-Менкеля (ММП)];2;[1.0]
2026-04-24;16:07:54;ed133205-50ee-493e-bd14-1d3bb41724fb;Ряд слои.xlsx;9988;69;[Обобщенное (L-мом), Крицкого-Менкеля (ММП)];2;[]
2026-04-25;06:51:08;74b1d812-453b-4e9d-bb2a-36df9bfabfb7;Ряд расходы.xlsx;10085;69;[Обобщенное (L-мом), Крицкого-Менкеля (ММП)];2;[]
2026-04-27;08:20:32;f81742df-7668-41c1-a14a-3b88f026974e;Высота волн.xlsx;8604;15;[Гумбеля (Мом)];1;[]
2026-04-29;07:46:31;42b68b56-1949-4117-bec7-8aa6199e91c2;Толщина льда.xlsx;520452;17;[Обобщенное (L-мом), Гумбеля (ММП), Пирсона 3 типа (ММП), Обобщенное (ММП), Гумбеля (Мом), Гумбеля (L-мом), Пирсона 3 типа (L-мом)];7;[]
2026-05-04;09:20:25;2b77de68-866d-41b5-a6ba-fae199836384;75058.xlsx;131055;5844;[Крицкого-Менкеля (ММП)];1;[]
2026-05-04;09:24:33;ef727435-fb1f-4505-8692-c3c9ca51fa7f;75058.xlsx;131055;3908;[Обобщенное (L-мом), Пирсона 3 типа (ММП), Крицкого-Менкеля (ММП)];3;[]
2026-05-05;00:00:44;2b24a2e1-6175-44c3-a16b-ae3ab74f1631;Расход_Путынка.xlsx;9379;77;[Пирсона 3 типа (L-мом)];1;[1.0, 2.0, 3.0, 5.0, 10.0]
2026-05-04;17:52:18;5a0f9f36-8943-476b-b6e5-f76ced47b7fc;Слой_Путынка.xlsx;9321;77;[Обобщенное (L-мом), Пирсона 3 типа (ММП)];2;[1.0, 2.0, 3.0, 5.0, 10.0]
2026-05-05;00:59:35;d4867d2d-5c0f-4a41-921c-e57cc866bd67;4_2015.08.31.xls;482816;127;[];0;[]
2026-05-05;06:21:24;f9794439-de77-4a77-b141-dbb1ae751878;Результаты Голоустная.xlsx;332891;164;[Обобщенное (L-мом)];1;[]
2026-05-06;10:03:27;d4cefc57-cfe9-48ce-9ddc-bad836d0d731;Расчет Q и H.xlsx;26547;83;[Обобщенное (L-мом), Гумбеля (ММП), Крицкого-Менкеля (ММП), Пирсона 3 типа (L-мом)];4;[]
2026-05-06;12:38:32;21e663a5-82c2-45a0-9ef9-c7d72651a9dd;Книга1.xlsx;9930;60;[Пирсона 3 типа (ММП), Крицкого-Менкеля (ММП)];2;[]
2026-05-06;13:23:53;bd3d95b3-ee69-43a3-9a58-1c03ae23e533;Терек макс.xls;41472;100;[Крицкого-Менкеля (ММП)];1;[]
2026-05-07;06:16:17;c17ae9a3-4f63-49e5-9a49-c2352f8944cb;Дубна_Вербилки_75079.xls;181760;64;[Пирсона 3 типа (ММП), Гумбеля (Мом), Гумбеля (L-мом), Пирсона 3 типа (L-мом)];4;[]
2026-05-07;08:29:32;8e7bd6c0-851e-4951-a49d-96f353c074bd;Краснодар весь и по периодам.xlsx;14126;98;[Обобщенное (L-мом)];1;[]
2026-05-07;17:18:45;67e6c81d-eebb-4c40-9f7e-561da865f602;макс сток р.Тускарь-с.Свобода 80220.xlsx;10847;65;[Обобщенное (ММП)];1;[]
2026-05-12;19:24:32;1993c9f2-f9f0-4276-a0f2-7227154e7956;Книга2.xlsx;9494;58;[];0;[]
2026-05-12;19:31:04;75102363-e780-4a33-96ee-6f9b19ca030f;Книга2.xlsx;9494;59;[Гумбеля (ММП), Гумбеля (Мом), Гумбеля (L-мом)];3;[2.0]
2026-05-13;06:54:37;3d93b80d-7ebd-474f-9ec5-b296e3d54cd6;228.xlsx;9146;66;[Пирсона 3 типа (L-мом), Пирсона 3 типа (ММП)];2;[2.0, 1.0]
2026-05-15;08:08:51;04cd0218-0d26-4a4a-86d1-d1b9640960e9;Катыш (временный).xlsx;9196;31;[Пирсона 3 типа (L-мом)];1;[1.0]
2026-05-17;14:56:06;0035118a-e754-4f7e-bcc5-4e1ee07cf120;тувси.xlsx;8681;66;[Пирсона 3 типа (L-мом)];1;[]
2026-05-17;17:58:27;9b093f73-fca8-485f-8025-ef4bbb0b2103;Цивиль большой на расчет.XLSX;9153;57;[Пирсона 3 типа (ММП)];1;[]
2026-05-18;15:24:12;ff030e34-4b59-4957-af28-71962abc82dc;талок в прогу.xlsx;10321;30;[Обобщенное (L-мом), Пирсона 3 типа (ММП)];2;[]
2026-05-19;09:41:37;ded25ae7-fe91-4609-8b78-37aeea3206f4;123.xlsx;11984;83;[];0;[]
2026-05-21;12:29:27;3c4277f9-33e0-44bc-93d7-8e686d13ee9b;Q.xlsx;9902;80;[Обобщенное (L-мом)];1;[1.0]
2026-05-21;12:41:29;94b5afe6-c64e-4a05-89e0-1ca00143effb;Q.xlsx;10230;80;[Обобщенное (L-мом), Пирсона 3 типа (L-мом)];2;[]
2026-05-22;07:51:56;e5fccf49-110a-451d-904a-6218ddde0249;Ряд восстановленный.xlsx;10040;81;[Пирсона 3 типа (ММП)];1;[1.0]
2026-05-22;09:03:19;ab3c67d6-2486-4470-8672-1b88acaf4588;для обеспеченности макс расходов.xlsx;9877;68;[Пирсона 3 типа (ММП)];1;[]
2026-05-25;09:17:59;9d5020e3-fb6d-4b78-946d-ce26725ea6a7;для кривых.xlsx;15156;72;[Крицкого-Менкеля (ММП)];1;[]
2026-05-26;13:00:39;a8b3387d-b605-43c0-9886-6aa4f0d27512;Hснег.xlsx;9713;48;[Гумбеля (L-мом)];1;[80.0, 70.0, 30.0, 20.0]
2026-06-02;10:21:05;5c498559-a4e2-4b24-a598-5b12e48308ab;ряд.xlsx;9267;60;[Пирсона 3 типа (ММП), Пирсона 3 типа (L-мом), Обобщенное (L-мом)];3;[]
2026-06-03;09:47:56;6c8e6755-ddf2-4acf-88d9-ff7a981ee365;Ряды_Мга.xlsx;10218;78;[Пирсона 3 типа (L-мом)];1;[1.0]
2026-06-03;12:41:08;8263772f-4cac-479d-a13a-fdef5678c25e;Утяшкино_Qмах_по 2025.xls;18432;83;[Пирсона 3 типа (ММП)];1;[]
2026-06-03;12:44:30;c96c933b-2a4e-4252-92e6-8eedc6e3abed;Утяшкино_Qмах_по 2025.xls;16896;81;[Обобщенное (L-мом), Обобщенное (ММП), Крицкого-Менкеля (ММП)];3;[]
2026-06-04;07:02:25;142c0049-0ec9-4d14-b7e0-5bede3217d9c;Утяшкино_Qмах_по 2025.xls;16896;83;[Обобщенное (ММП), Крицкого-Менкеля (ММП), Обобщенное (L-мом)];3;[]
2026-06-08;14:10:29;2bd44a77-e68c-4678-b82c-e3a701b8d1b9;data.xls;4930560;770;[Обобщенное (L-мом), Гумбеля (ММП), Обобщенное (ММП), Пирсона 3 типа (ММП), Крицкого-Менкеля (ММП), Гумбеля (Мом), Гумбеля (L-мом), Пирсона 3 типа (L-мом)];8;[]
2026-06-09;06:09:15;1b38ef13-e9b2-4425-ba43-1945de361daf;Скорости.xlsx;7709;12;[Пирсона 3 типа (ММП)];1;[]
2026-06-11;11:56:08;8d01003b-2dc1-46f8-b487-cdc3c23c4852;Ряд.xlsx;10133;112;[Пирсона 3 типа (L-мом)];1;[1.0]
2026-06-15;06:54:19;d0d8d401-0d4b-48d9-8493-e843d1a0aecf;Абалдуевка_Qмах_1941 по 2025.xls;16896;85;[Обобщенное (L-мом)];1;[]
2026-06-15;10:29:11;85f8512f-4e2c-40fb-99d8-33eb64420f71;Лугань - Калиново (Долиновское, Владимировка) 78453.xlsx;11637;88;[Обобщенное (L-мом)];1;[]
2026-06-17;12:23:09;c310eeb1-c737-4fd4-b542-93868012566b;Иркутск расходы.xlsx;24836;74;[Обобщенное (ММП)];1;[0.02]
2026-06-19;05:40:00;bfe2fee7-7c52-418e-bf49-a6236c286acf;Обработанный.xlsx;14406;77;[Обобщенное (L-мом)];1;[]
2026-06-19;05:57:55;5919cc27-3322-47a8-8fa6-b88d0522e3b8;Обработанный.xls;34304;76;[Гумбеля (ММП)];1;[1.0]
2026-06-20;18:31:26;e9f792e1-f4c4-4840-95db-9b9b71ab3890;Уровень Полярное.xlsx;11012;49;[Гумбеля (ММП), Обобщенное (ММП), Гумбеля (L-мом)];3;[]
2026-06-20;18:53:08;48e18068-8b4f-46ab-9fec-9a1cd086f2d9;Уровень Полярное.xlsx;11012;49;[Обобщенное (L-мом), Обобщенное (ММП), Пирсона 3 типа (ММП), Гумбеля (ММП)];4;[]
2026-06-22;12:04:42;d6ebfcf3-30a9-4e6e-b226-527be905d72f;01 Кривые обеспеченности.xlsx;9784;53;[Крицкого-Менкеля (ММП), Пирсона 3 типа (L-мом), Пирсона 3 типа (ММП)];3;[]
2026-06-22;12:13:45;84e5d34e-1321-41ef-8c80-0fee1a7a6642;01 Кривые обеспеченности.xlsx;13649;None;[Обобщенное (L-мом)];1;[]
2026-06-22;12:16:34;5ee070e0-9a6a-46b1-bb5d-342382ae0baa;01 Кривые обеспеченности.xlsx;9952;70;[Пирсона 3 типа (ММП), Пирсона 3 типа (L-мом), Гумбеля (Мом)];3;[]
2026-06-22;12:21:34;310a8c60-5724-4701-924f-0606da26d23a;01 Кривые обеспеченности.xlsx;10680;70;[Пирсона 3 типа (ММП), Пирсона 3 типа (L-мом), Гумбеля (ММП), Обобщенное (ММП)];4;[]
2026-06-22;12:36:33;59cc15ba-0c3f-42a2-90b1-a9f679ef3627;01 Кривые обеспеченности (расходы).xlsx;9966;76;[Пирсона 3 типа (ММП), Крицкого-Менкеля (ММП), Пирсона 3 типа (L-мом)];3;[]
2026-06-22;15:06:17;b37b6e26-d31f-4ee4-b8db-842d1688cefe;01 Кривые обеспеченности (уровни).xlsx;10680;70;[];0;[]
2026-06-23;08:36:31;3db62e8e-f46b-4164-9a68-6f6906a1bf6a;Лист Microsoft Excel.xlsx;8659;None;[];0;[]
2026-06-25;08:16:40;85f4dc9d-9bcc-4bf3-9b95-f787fe3a7bac;75552_r_Klyazma_-_g_Vladimir.xlsx;40235;14;[];0;[]
2026-06-25;08:55:55;579c5511-1103-4fd4-b367-9df17943d9d1;Клязьма.xlsx;12673;106;[Обобщенное (L-мом), Гумбеля (ММП), Пирсона 3 типа (ММП), Обобщенное (ММП), Крицкого-Менкеля (ММП), Гумбеля (Мом), Гумбеля (L-мом), Пирсона 3 типа (L-мом)];8;[]
2026-06-25;14:01:43;af10b46d-00d0-4519-910f-feca28a00f46;Клязьма усечен.xlsx;12156;104;[Гумбеля (ММП)];1;[20.0, 25.0]
2026-06-26;10:54:50;c980e2c2-a6e9-4de7-95d0-c83085cfd260;Кривые обеспеченности.xlsx;11390;106;[Пирсона 3 типа (ММП), Пирсона 3 типа (L-мом)];2;[]
2026-06-26;11:10:50;4af9dd55-1cbc-423c-9e89-d2c73197056e;Кривые обеспеченности.xlsx;11390;106;[Пирсона 3 типа (L-мом)];1;[]
2026-06-30;12:57:11;8956aa96-b9dd-4e1e-903b-1b64b2bd275d;1.xlsx;27104;72;[Гумбеля (ММП)];1;[]
2026-06-30;17:29:56;bd406de8-4ffd-4ea8-9830-03e1462e221c;1.xlsx;53003;76;[Гумбеля (Мом)];1;[1.0]
2026-07-08;16:58:29;3bdafa48-4135-43d5-9613-d028b87f9895;Книга1.xlsx;719611;31713;[Обобщенное (L-мом)];1;[]
2026-07-08;17:23:36;a3b59cd8-bbe6-4c1f-9bbc-fc9aecdb2f3c;Уровни.xlsx;8990;40;[Обобщенное (L-мом)];1;[]
2026-07-09;02:48:57;a92993b6-9aa3-4838-8568-0a4fba06db17;1.xlsx;9337;63;[Пирсона 3 типа (ММП), Крицкого-Менкеля (ММП), Пирсона 3 типа (L-мом)];3;[]
2026-07-10;04:21:52;ee0b0456-80d7-45e2-bf08-5d9fef17b723;1.xlsx;9337;64;[Крицкого-Менкеля (ММП)];1;[]
2026-07-13;20:37:10;ef199210-ce38-4534-b253-92c79f3826b7;Ветер Благовещенск.xlsx;9377;58;[];0;[]
2026-07-13;20:41:11;2a825b4c-2050-452e-845c-9edda7278067;Ветер Благовещенск.xlsx;9377;59;[Гумбеля (Мом)];1;[]
2026-07-14;02:55:14;925feee4-bee0-4ed3-9dc4-56690c5eb8c0;Ветер Благовещенск.xlsx;9654;49;[Обобщенное (L-мом)];1;[0.01, 0.33, 30.0, 20.0, 10.0, 6.66, 5.0, 4.0, 2.0]
2026-07-15;05:55:31;7368dd13-75cb-4fb0-961b-8e87e5ccd8a7;23.xlsx;8552;76;[Крицкого-Менкеля (ММП), Гумбеля (ММП), Пирсона 3 типа (ММП), Обобщенное (ММП), Гумбеля (Мом), Гумбеля (L-мом), Пирсона 3 типа (L-мом), Обобщенное (L-мом)];8;[]
2026-07-19;14:12:21;823a96cc-c268-4168-a0c0-7e6abe2cd1df;Ветер Благовещенск.xlsx;9654;49;[Обобщенное (L-мом), Гумбеля (Мом)];2;[]
2026-07-21;08:37:14;d91b9864-f052-4712-bb1a-0cb359cb888d;Вязовые_осадки_сутки.xls;17408;67;[Обобщенное (L-мом), Гумбеля (ММП), Обобщенное (ММП)];3;[]
2026-07-26;14:57:26;ceaf2e95-5d97-4948-98ab-1b4d24e2e9b0;tsc_sample__daily_precip.xlsx;347337;21184;[Обобщенное (L-мом)];1;[]
2026-07-26;14:57:28;40e69baf-130d-4f39-a40d-0c8eab5c5dc2;__old_url_stub__;0;None;[];0;[]
2026-07-26;14:57:35;b52806f3-24df-46f4-ab9f-9773de0f2fa1;__old_url_stub__;0;None;[];0;[]
2026-07-26;18:25:13;e2eff59e-785e-4d88-9798-fe5338186dc4;tsc_sample__daily_precip.xlsx;347337;21184;[Обобщенное (L-мом), Пирсона 3 типа (ММП)];2;[]
2026-07-26;18:24:58;774dddd6-4277-44a0-a053-5f4b6a20b9e8;__old_url_stub__;0;None;[];0;[]
2026-07-26;21:51:29;f65b6a58-d6a0-4bb0-be46-4d160571b108;__old_url_stub__;0;None;[];0;[]
2026-07-26;21:51:35;57a0df37-690e-42c2-a327-e0f96fcde50f;__old_url_stub__;0;None;[];0;[]
2026-07-26;21:51:39;0abebff1-842c-446a-81a8-22649e35fd02;__old_url_stub__;0;None;[];0;[]
2026-07-26;22:05:31;b23df09b-7bc7-41e0-a4a3-b41ca612c1b0;__old_url_stub__;0;None;[];0;[]
2026-07-26;22:19:38;8239cfda-08cc-44f7-9092-b37b5cd63020;__old_url_stub__;0;None;[];0;[]
2026-07-26;22:19:45;6ffe09c6-198c-4092-ae2f-ee2caecbe508;__old_url_stub__;0;None;[];0;[]
2026-07-26;22:19:50;a3630397-d8dc-4f45-ad63-4f9da69741de;__old_url_stub__;0;None;[];0;[]
2026-07-26;23:16:05;c6ed8de2-68df-438f-ad59-186abe4940c4;__old_url_stub__;0;None;[];0;[]
2026-07-26;23:16:15;64e1078a-950c-43c6-b33d-d29678bc939d;__old_url_stub__;0;None;[];0;[]
2026-07-26;23:16:19;f1a6c77d-8be6-464a-99d4-f1979dbb4b91;__old_url_stub__;0;None;[];0;[]
2026-07-27;03:29:58;40519f41-c22b-4a47-afe2-7a42d8e59bdc;__old_url_stub__;0;None;[];0;[]
2026-07-27;03:30:01;5ac93fd8-fd5f-465b-bad5-5a108b609268;__old_url_stub__;0;None;[];0;[]
2026-07-27;06:44:11;127c65b8-2ea5-4732-a759-6df6007c8c2d;__old_url_stub__;0;None;[];0;[]
2026-07-27;06:44:14;6fa672e3-47b6-437c-a8cf-9e3383d4f6f7;__old_url_stub__;0;None;[];0;[]
2026-07-27;06:44:17;14125aac-0637-4596-abc5-eed3fec50f6a;__old_url_stub__;0;None;[];0;[]
2026-07-27;09:12:45;ba33049b-a3e6-491a-9ecd-f5211756bc43;__old_url_stub__;0;None;[];0;[]
2026-07-27;09:13:15;4e49c912-6e3b-4eb6-b0f7-fd42edb7c659;__old_url_stub__;0;None;[];0;[]
2026-07-27;09:13:18;3a517e03-8f30-49cb-9ca8-baec4eaf6fcf;__old_url_stub__;0;None;[];0;[]
2026-07-27;09:17:42;ac2df0d4-e845-41dc-8e92-7a6e39056608;tsc_sample__daily_precip.xlsx;347337;21184;[Обобщенное (L-мом)];1;[20.0]
2026-07-27;09:19:09;61b0d2b8-ad66-4423-983b-fbea4435eac3;tsc_sample__daily_precip.xlsx;347337;21184;[Обобщенное (L-мом)];1;[20.0]
2026-07-27;09:20:48;63f11f60-1bd6-4e80-9a3a-018dfeea2f55;tsc_sample__daily_precip.xlsx;347337;21184;[Обобщенное (L-мом)];1;[20.0]
2026-07-27;09:35:25;37e24192-da8c-4e9f-85b5-542f29ec5d68;tsc_sample__daily_precip.xlsx;347337;21184;[Обобщенное (L-мом)];1;[20.0, 19.99, 1.0, 0.33]
2026-07-27;09:30:46;ec9ba4c4-1b96-4f15-8f07-b4f737a8764e;__old_url_stub__;0;None;[];0;[]
2026-07-27;09:30:49;877ce010-d678-47e9-b8ce-4c1c28976fba;__old_url_stub__;0;None;[];0;[]
2026-07-27;10:38:21;8e86e157-2847-407d-b354-5432c2def145;tsc_sample__daily_precip.xlsx;347337;21184;[Обобщенное (L-мом)];1;[20.0]
2026-07-27;10:36:25;349ceabd-29de-4482-a896-29307acda0cc;__old_url_stub__;0;None;[];0;[]
2026-07-27;10:36:33;035f1dc1-7f7b-4338-9d32-24bd2da800a7;__old_url_stub__;0;None;[];0;[]
2026-07-27;15:31:36;acc609b6-b138-439d-a840-6a5cae339717;__old_url_stub__;0;None;[];0;[]
2026-07-27;15:31:46;0df3071a-6906-4c11-bffb-539b3398f92c;__old_url_stub__;0;None;[];0;[]
2026-07-27;15:31:50;e6fabafe-2da1-445f-a5e4-7eba31e4f23e;__old_url_stub__;0;None;[];0;[]
2026-07-27;23:23:26;740d720a-c788-4530-867a-52aeabc5f39c;tsc_sample__daily_precip.xlsx;347337;21184;[Обобщенное (L-мом)];1;[]
2026-07-27;23:23:08;40df1f7f-824b-4fd3-bd52-e408633f1938;__old_url_stub__;0;None;[];0;[]
2026-07-27;23:23:11;9d851d9d-6c43-4548-9475-1a8d4d03211b;__old_url_stub__;0;None;[];0;[]
2026-07-28;02:46:47;bb477a00-4047-4d40-8ffc-6fba217a4e5f;__old_url_stub__;0;None;[];0;[]
2026-07-28;02:46:51;25bc22f9-1ebb-4351-81f8-a68323b25112;__old_url_stub__;0;None;[];0;[]
2026-07-28;07:28:01;d0c9887a-48bb-4040-b656-d24f081f9a9f;tsc_sample__daily_precip.xlsx;347337;21184;[Обобщенное (L-мом)];1;[20.0]
2026-07-28;07:25:58;eaaec242-85b8-49ba-b549-64da22c75549;__old_url_stub__;0;None;[];0;[]
2026-07-28;07:26:04;6c070133-011c-446f-a514-7d9ffef5f39c;__old_url_stub__;0;None;[];0;[]
2026-07-28;10:02:16;0726138c-d217-4b3e-959b-4e5d6b614743;__old_url_stub__;0;None;[];0;[]
2026-07-28;10:02:20;ff2ca10e-b0b1-4b19-bb90-b375afdffcdd;__old_url_stub__;0;None;[];0;[]
2026-07-28;11:25:03;d7704f83-1cf3-487d-86cf-49b2bbf156f2;__old_url_stub__;0;None;[];0;[]
2026-07-28;11:25:10;ac4ec414-40d1-492d-b660-1978c50e49d6;__old_url_stub__;0;None;[];0;[]
2026-07-28;11:25:15;c25fb17b-cc61-44b9-ab84-e61af105eb07;__old_url_stub__;0;None;[];0;[]
2026-07-28;11:27:11;5ed67977-f6db-4a6c-8332-51880efc4166;tsc_sample__daily_precip.xlsx;347337;21184;[Обобщенное (L-мом)];1;[20.0]
2026-07-28;13:17:32;4c3a2a51-cc3b-47b4-a434-a47390334610;__old_url_stub__;0;None;[];0;[]
2026-07-28;13:18:18;94bb1fa3-6591-4c42-928d-a1feab3a0e09;__old_url_stub__;0;None;[];0;[]
2026-07-28;13:18:22;c5d41a56-c8c5-4c1c-a469-8b8fe56840bd;__old_url_stub__;0;None;[];0;[]
2026-07-28;17:35:13;d9688daa-d8fd-49ab-bca4-e56f9800f62a;__old_url_stub__;0;None;[];0;[]
2026-07-28;17:35:17;5264f9f2-fbb9-4ef9-9c79-f9f10eb2a24a;__old_url_stub__;0;None;[];0;[]
2026-07-28;17:35:21;ff18cc90-ea9b-4ac7-8fdf-40496f11806b;__old_url_stub__;0;None;[];0;[]
2026-07-29;02:54:09;2d343563-9112-4d52-88d3-cd678d3f2fe4;__old_url_stub__;0;None;[];0;[]
2026-07-29;02:54:12;727293f3-079b-4095-89d9-185cc7742376;__old_url_stub__;0;None;[];0;[]
2026-07-29;05:17:02;4c751833-6516-49a5-b4cb-cb549666213d;__old_url_stub__;0;None;[];0;[]
2026-07-29;05:17:07;eea8fff3-4441-4d79-a9aa-3f784364f6b0;__old_url_stub__;0;None;[];0;[]
2026-07-29;05:17:10;f792c0e0-cb0c-480b-8235-acaa065ed4a0;__old_url_stub__;0;None;[];0;[]
2026-07-29;05:22:07;98e5bfa8-824b-411a-93cc-cc2946f4e3e9;Qmax-Туапсе.xlsx;9524;58;[Гумбеля (ММП), Пирсона 3 типа (ММП), Крицкого-Менкеля (ММП), Гумбеля (Мом), Гумбеля (L-мом), Пирсона 3 типа (L-мом)];6;[20.0]
2026-07-29;07:03:08;75a48a39-74df-4bef-8799-883e3c1eea7c;tsc_sample__daily_precip.xlsx;347337;72;[Пирсона 3 типа (ММП)];1;[20.0]
2026-07-29;06:28:15;f0d29ac0-fbed-4786-9b29-930bada4c1d0;__old_url_stub__;0;None;[];0;[]
2026-07-29;06:28:19;b52c2cc3-e66f-42bb-b2dc-409e3593abef;__old_url_stub__;0;None;[];0;[]
2026-07-29;06:44:28;90307ada-7d1f-48cc-8470-5bac0268dc2c;__old_url_stub__;0;None;[];0;[]
2026-07-29;06:44:31;f88642fb-04c2-4d03-accc-059806bff1bc;__old_url_stub__;0;None;[];0;[]
2026-07-29;06:59:05;a0c36374-53de-4301-9c38-e53f002214da;__old_url_stub__;0;None;[];0;[]
2026-07-29;06:59:08;841f8cb3-ee6c-415b-84db-079b4f957f02;__old_url_stub__;0;None;[];0;[]
2026-07-29;10:58:36;f3057f16-b47b-4055-b455-40719e10d967;__old_url_stub__;0;None;[];0;[]
2026-07-29;10:58:45;4724be21-fd8d-4a2f-9d86-153cd472132f;__old_url_stub__;0;None;[];0;[]
2026-07-29;10:58:48;a2230dfd-62eb-4a2a-af41-2497597589fb;__old_url_stub__;0;None;[];0;[]
2026-07-29;18:25:36;76e0f03b-9a3f-47b0-9ad8-e7301c82650c;__old_url_stub__;0;None;[];0;[]
2026-07-29;18:25:49;3aeef205-06fa-4a75-a223-09667f32da42;__old_url_stub__;0;None;[];0;[]
2026-07-29;18:25:56;2e767282-6bcd-47aa-9e96-76f29531b764;__old_url_stub__;0;None;[];0;[]
2026-07-29;19:04:42;5758bbe5-dfed-4dac-a3b2-8ebb40b616cb;__old_url_stub__;0;None;[];0;[]
2026-07-29;19:04:47;5fe95b53-6d79-439c-a561-96a660cbbf15;__old_url_stub__;0;None;[];0;[]
2026-07-29;19:04:50;cf7e69e5-28df-4380-b21a-13d77ea52998;__old_url_stub__;0;None;[];0;[]
2026-07-29;19:22:56;4d8cbc87-2d60-47c0-bbb5-0890205d98f1;__old_url_stub__;0;None;[];0;[]
2026-07-29;19:23:05;bd047575-1867-4a2d-be4e-e5d48096dfe9;__old_url_stub__;0;None;[];0;[]
2026-07-29;19:23:08;493c3d34-ced8-471a-ac3e-d6819b021ca6;__old_url_stub__;0;None;[];0;[]
2026-07-29;19:23:11;d95213d4-9993-4552-8f51-107070c1977e;__old_url_stub__;0;None;[];0;[]
2026-07-30;04:59:28;a2238b00-362a-414a-b3fd-179b9a96fc76;__old_url_stub__;0;None;[];0;[]
2026-07-30;07:19:21;19e80af0-e957-4c69-9623-ee2effa9fc0b;Туапсе.xlsx;14770;58;[Обобщенное (L-мом)];1;[20.0, 19.96, 1.0, 0.010001000100010001]
2026-07-30;21:02:21;6a2c7084-3709-4714-ba49-a34187c37f0e;__old_url_stub__;0;None;[];0;[]
2026-08-02;06:43:30;0da5dd52-f399-4ac7-b122-b17dab4bc4c6;Ряд ВП.xlsx;8841;31;[Крицкого-Менкеля (ММП)];1;[20.0]
2026-08-02;09:07:10;1ce05a84-0810-4353-9877-11fef9b630e7;Ряд ДП.xlsx;8823;31;[Крицкого-Менкеля (ММП)];1;[20.0]
2026-08-03;08:51:26;f8dc9f4a-41f5-4e5b-ba1a-c4475d576c3e;__old_url_stub__;0;None;[];0;[]
2026-08-03;08:51:49;4d5deb49-58d6-4810-9488-8fcd2e66e7e8;__old_url_stub__;0;None;[];0;[]
2026-08-03;09:07:23;0447f1f7-7229-48e4-9439-6ec40c0b7214;tsc_sample__daily_precip.xlsx;347337;21184;[Обобщенное (L-мом)];1;[20.0]
2026-08-04;04:04:07;18a4ef3c-f4a4-4013-ad82-d881d463e713;Ряд в программу.xlsx;8894;None;[Обобщенное (L-мом)];1;[20.0]
2026-08-04;05:12:25;7794bc5a-b2f9-47cb-a3a0-a078cfeb2246;Ряд в программу.xlsx;8894;46;[Гумбеля (Мом)];1;[20.0]
2026-08-05;08:27:25;de1949a3-3c81-4322-970e-261ebbee2953;__old_url_stub__;0;None;[];0;[]
2026-08-05;08:28:18;8f370cfe-93d0-47db-bc2d-fb8a0ae50aba;__old_url_stub__;0;None;[];0;[]
2026-08-05;08:30:02;ce97f491-0cfb-4aef-ad38-47b650572961;tsc_sample__daily_precip.xlsx;347337;21184;[Обобщенное (L-мом)];1;[20.0]
2026-08-05;18:14:02;4dff7e76-14a1-4078-99ec-6b7b09996cb8;tsc_sample__daily_precip.xlsx;347337;21184;[Обобщенное (L-мом)];1;[20.0]
2026-08-06;06:32:30;c9c24625-92fb-40bf-b439-79883ac5d0fb;Книга1.xlsx;9364;49;[Гумбеля (L-мом), Гумбеля (ММП), Гумбеля (Мом)];3;[20.0]
2026-08-06;12:58:32;e600e0e5-777c-4cbc-97ce-007e9167f379;Урал-Орск уровни1.xlsx;12189;92;[Обобщенное (L-мом)];1;[20.0]
2026-08-06;16:53:13;40bbba12-6604-447b-9778-1b791c3c0692;расходы1.xlsx;10883;76;[Пирсона 3 типа (L-мом)];1;[20.0]
2026-08-06;21:04:59;183512cc-9317-44f9-a77a-652f01bf9e15;__old_url_stub__;0;None;[];0;[]
2026-08-06;21:17:32;802b0147-66c7-4d8d-bceb-68d992e2193a;tsc_sample__daily_precip.xlsx;347337;21184;[Обобщенное (L-мом)];1;[20.0]
2026-08-07;02:05:43;fbb1f531-1625-40a3-a1dd-461ae941adac;tsc_sample__daily_precip.xlsx;347337;21184;[Обобщенное (L-мом)];1;[20.0]
2026-08-07;07:00:36;4cf5b7d9-d113-42a9-8df1-36ae0b1bac9b;tsc_sample__daily_precip.xlsx;347337;None;[Обобщенное (L-мом)];1;[20.0]
2026-08-07;09:41:02;fab67298-3480-418a-9aa7-b4d427b5392f;Расходы.xls;31744;89;[Пирсона 3 типа (ММП), Гумбеля (L-мом), Пирсона 3 типа (L-мом)];3;[20.0]
2026-08-07;16:29:19;12512793-1181-4275-8151-343b03eeeb99;tsc_sample__daily_precip.xlsx;347337;21184;[Обобщенное (L-мом)];1;[20.0]
2026-08-10;08:17:58;e1db78a0-42f4-47eb-9bf7-7c4ece0b51d1;tsc_sample__daily_precip.xlsx;347337;21184;[Обобщенное (L-мом), Крицкого-Менкеля (ММП)];2;[20.0]
2026-08-10;09:19:41;f34e9ca4-6c71-4f58-b378-7a2628fa0bd6;Урал-Орск уровни 1967-2025.xlsx;11689;59;[Обобщенное (ММП), Гумбеля (Мом), Гумбеля (L-мом)];3;[20.0]
2026-08-10;13:23:28;1e51ac7d-f570-4add-9a7b-e56e2f04e94e;Клязьма.xlsx;12732;104;[Обобщенное (L-мом)];1;[20.0]
2026-08-10;16:03:47;bfbcab5a-c661-4cb8-bb7d-4b95eb188c4c;__old_url_stub__;0;None;[];0;[]
2026-08-10;19:23:26;52d153bf-b85f-40e9-8bdb-ca383b1c540a;бисерть восстановлен слой.xls;27648;85;[Обобщенное (L-мом)];1;[20.0]
2026-08-13;06:39:35;2664bcf1-bd0c-47ed-a8bf-8e97c8d60334;__old_url_stub__;0;None;[];0;[]
2026-08-13;06:57:00;d99c68ab-3ed4-4f8e-ae81-357012613eea;Обь - Белогорье 10031.xlsx;12266;106;[Обобщенное (L-мом)];1;[20.0]
2026-08-13;07:18:14;0d60a7a2-e690-4ada-88ff-1e8aebdfbc1d;__old_url_stub__;0;None;[];0;[]
2026-08-13;07:18:58;c283c3f6-80d8-413b-996c-08ade880d100;__old_url_stub__;0;None;[];0;[]
2026-08-13;08:46:20;42f59ff5-4ca8-4f38-be7a-fc9175340c17;__old_url_stub__;0;None;[];0;[]
2026-08-13;10:01:29;e504b595-ee15-4aa9-9dc1-e1957afb99e9;Книга1.xlsx;10176;58;[Обобщенное (L-мом)];1;[20.0]
2026-08-13;14:19:48;36365a55-534e-4f1a-9bcb-7950fdc5fcae;Лист Microsoft Excel.xlsx;9958;77;[Обобщенное (L-мом)];1;[20.0]
2026-08-14;04:59:21;0c00fd77-f0cb-4143-97e1-44a57564e822;2255.xlsx;10493;67;[Обобщенное (L-мом)];1;[20.0]
2026-08-14;06:18:02;afd01b5e-7077-4905-bf70-86d74512d0a3;Колва - Хорей-Вер 70499.xlsx;11660;66;[Обобщенное (L-мом)];1;[20.0]
2026-08-14;08:15:02;fae42c75-4ead-446f-8238-d806dadda4af;Ока-Старая Рязань.xlsx;12120;108;[Крицкого-Менкеля (ММП)];1;[20.0]
2026-08-14;08:24:56;d249e83d-32a7-4f1d-97ef-1384ba6276c7;Ока-Половское.xlsx;9939;75;[Обобщенное (L-мом)];1;[20.0]
2026-08-14;08:32:34;25b22bce-ac5e-4610-8b86-b2e0a5dc9065;Ока-Половское.xlsx;9939;75;[Обобщенное (ММП)];1;[20.0]
2026-08-14;08:45:38;1df3f583-9cf8-48f2-9452-0f0cf1684b27;Ока-Старая Рязань.xlsx;12118;108;[Обобщенное (L-мом)];1;[20.0]
2026-08-14;11:09:26;ad73c7b8-4cdd-4f65-b7e1-c1322103a747;Ока-Половское.xlsx;9911;75;[Обобщенное (ММП)];1;[20.0]
2026-08-14;11:15:17;7285c170-3904-4ba7-a93f-dadf9b3ca46e;Ока-Старая Рязань.xlsx;12118;108;[Обобщенное (L-мом)];1;[20.0]
2026-08-14;11:18:31;9bf1755e-954b-4590-a674-b96d17844295;Ока-Копаново.xlsx;12081;109;[Обобщенное (L-мом)];1;[20.0]
2026-08-17;04:47:19;d41d0fc4-eb14-4f1f-962b-9c3d69e3bd1f;__old_url_stub__;0;None;[];0;[]
2026-08-17;04:48:03;44beb2e5-e897-4ddb-9590-69fec3803918;__old_url_stub__;0;None;[];0;[]
2026-08-17;22:28:43;e9d51a07-0424-4a3c-a092-9ee6a3dda6f2;__old_url_stub__;0;None;[];0;[]
2026-08-17;22:29:11;b5ec9f3f-5a9a-40ab-a3e3-84d7bfdb4860;__old_url_stub__;0;None;[];0;[]
2026-08-18;06:11:42;95c1b128-f08c-4489-9536-94db6be1d0ca;__old_url_stub__;0;None;[];0;[]
2026-08-18;06:12:52;b915951c-71f8-49de-bba4-4f3d095bcace;__old_url_stub__;0;None;[];0;[]
2026-08-18;06:47:46;baf123ca-16ab-43dd-b9a3-27db457535c0;Вязовые_осадки_сутки.xls;19456;70;[Обобщенное (L-мом)];1;[20.0, 19.96]
2026-08-18;09:33:04;c18a6781-38ba-45d9-be1f-16bfdaca8b3b;Книга1.xlsx;10225;62;[Обобщенное (L-мом)];1;[20.0, 75.0]
2026-08-18;09:53:42;aa0afbc3-dc24-4777-97b5-74337fd9c81e;__old_url_stub__;0;None;[];0;[]
2026-08-18;12:18:35;84f52d1b-6b20-402e-ba0f-be3ed5c3963b;Книга1.xlsx;10315;67;[Обобщенное (L-мом)];1;[20.0]
2026-08-18;13:00:25;644acfeb-6478-4d5c-bdbb-6ecaef88b154;Конда - Алтай 11526.xlsx;11872;79;[Обобщенное (L-мом)];1;[20.0, 75.0, 80.0, 97.0]
2026-08-19;20:09:42;a5e69f21-98fc-4322-839a-2f1914020bee;Книга10.xlsx;11152;126;[Обобщенное (L-мом)];1;[20.0, 75.0, 80.0, 97.0]
2026-08-21;07:21:02;5500f593-1a01-46f0-9d6c-9a5297b20855;Иртыш - Сибирский 11059.xlsx;10959;51;[];0;[]
2026-08-21;07:24:39;7303f5f2-6644-432f-8a7e-16f73f9568d2;Книга1.xlsx;10225;52;[Обобщенное (L-мом)];1;[20.0]
2026-08-21;10:53:39;afb49a47-a6c4-4847-815a-db8cefb77e70;__old_url_stub__;0;None;[];0;[]
2026-08-21;10:55:08;8e3b51b0-2d33-4add-ae92-9efd50cb4240;__old_url_stub__;0;None;[];0;[]
2026-08-21;11:04:48;61fc56b5-53cb-4b0b-ab53-c5bbc84a758f;__old_url_stub__;0;None;[];0;[]
2026-08-21;11:05:24;46dfa739-98e7-4cf4-8517-ba73ba06e1ce;__old_url_stub__;0;None;[];0;[]
2026-08-21;14:02:25;7c178dce-01f6-4f82-b5bb-6f3312b87c83;tsc_sample__daily_precip.xlsx;347337;21184;[Обобщенное (L-мом)];1;[20.0]
2026-08-22;06:40:29;b325a262-c53b-48d8-ac79-f41ade308ecc;max_prec.xlsx;11762;131;[Гумбеля (ММП), Обобщенное (L-мом)];2;[20.0]
2026-08-23;18:38:01;3e55aa8f-c845-4a97-a2e0-05fc268e438c;Обь, прот. Сытоминка - Сытомино 10030.xlsx;11859;79;[Обобщенное (L-мом)];1;[20.0]
2026-08-23;19:02:36;a8762844-bc55-4ca8-a2c8-8633117c77e1;Обь, прот. Сытоминка - Сытомино 10030.xlsx;11859;79;[Обобщенное (L-мом)];1;[20.0]
2026-08-23;19:01:05;6837878d-2639-4437-a277-11e5d2ea84c3;__old_url_stub__;0;None;[];0;[]
2026-08-24;17:34:55;2633ecf0-e59f-4938-93d2-406b6cd4f939;Для расчётов.xlsx;9986;101;[Обобщенное (L-мом)];1;[20.0]
2026-08-24;17:51:45;e8d7f973-dd6a-4fe4-8901-b504e1ab22af;Обеспеченности.xlsx;9420;61;[Пирсона 3 типа (ММП), Крицкого-Менкеля (ММП), Пирсона 3 типа (L-мом)];3;[20.0]
2026-08-25;15:56:54;0e549f8d-10b1-4943-b998-72936cbeba95;Лист Microsoft Excel — копия.xlsx;9746;89;[Обобщенное (ММП)];1;[20.0]
2026-08-27;11:09:16;83116634-4a20-4e55-87bf-30841f54a27c;Обь - Сургут 10026.xlsx;12452;111;[Обобщенное (L-мом)];1;[20.0, 75.0, 80.0, 97.0]
2026-08-28;12:50:32;eb453bf7-ec19-4a01-a2a6-02b3077f9d7e;Иртыш - Ханты-Мансийск 11061.xlsx;12837;133;[Обобщенное (L-мом)];1;[20.0]
2026-08-28;13:36:53;f5fcf60a-4676-4a33-8124-04b73b30b009;Иртыш - Ханты-Мансийск 11061.xlsx;12902;133;[Обобщенное (L-мом)];1;[20.0]
2026-08-29;17:23:10;9b97a4f0-09fe-4a7a-bf43-bb60b40d365b;Обь - Октябрьское 10032.xlsx;12276;104;[Обобщенное (L-мом)];1;[20.0]
2026-08-31;12:50:31;cff26912-c7e0-4ff2-8710-8844dfa110cf;Уровни.xlsx;9898;94;[Обобщенное (L-мом)];1;[20.0]
2026-09-01;09:13:49;fdab5717-8256-4f99-8091-307fc0a82b23;Клязьма.xlsx;12732;104;[Обобщенное (L-мом)];1;[20.0]
2026-09-01;13:07:01;63afece0-af18-4220-b911-12b3af13fb0a;Иртыш - Ханты-Мансийск 11061.xlsx;12812;133;[Обобщенное (L-мом)];1;[20.0]
2026-09-02;00:43:09;d458f342-0e33-44b0-95b6-ce216db1fb9f;Конда - Кондинское 11523.xlsx;12236;99;[Обобщенное (L-мом)];1;[20.0, 75.0, 80.0, 97.0]
2026-09-03;19:20:49;d2186ad7-2f66-405e-99ee-6f3108bf4f08;tsc_sample__daily_precip.xlsx;347337;21184;[Обобщенное (L-мом)];1;[20.0]
2026-09-04;11:24:05;6cd9af84-ca0f-41ae-945c-5999d3e9b53c;tsc_sample__daily_precip.xlsx;347337;21184;[Обобщенное (L-мом)];1;[20.0]
2026-09-04;19:16:59;fb0f0660-327e-4fbf-980a-759eb1d457b9;расчет толщины.xlsx;16959;43;[Пирсона 3 типа (ММП)];1;[20.0]
